0,Predictions
14230,2.47
9347,0.0
344,50.76
1034,7.66
8608,7.08
5887,42.51
17264,31.56
1512,8.24
2609,0.43
8108,9.35
1869,1030.48
12143,0.51
977,155.95
6165,6.97
8813,18.29
12076,4.37
9419,308.07
5106,187.42
8008,4.73
17057,0.91
4309,0.0
9027,581.14
5135,1.0
16638,13.21
9246,7.51
13951,0.14
10525,10.57
7199,104.57
17276,618.84
12735,7.15
7405,3.26
7946,76.96
19148,444.25
13039,0.04
16782,32.66
14530,252.9
12434,866.3
12970,10.7
9276,1.05
15205,217.42
5981,7.65
9072,30.28
200,252.21
11155,42.59
2008,137.13
17188,248.33
18875,136.46
17683,18.31
15576,3.53
12376,2.14
11562,6.32
6177,0.5
18144,31.33
17444,1.59
13033,0.28
10036,1039.7
13027,0.67
13889,4.98
2043,0.0
8904,4.43
8570,3.16
3120,5.32
5350,147.84
7801,45.63
7506,116.56
8455,0.0
346,34.35
2540,159.14
5339,255.0
16135,369.19
15370,1.48
18789,638.67
17152,16.88
17951,14.21
9770,27.69
13872,1.86
6515,2.59
2712,6.9
2805,34.08
4230,45.21
16789,181.45
16481,4.01
9581,13.8
15447,0.16
3000,2.05
13442,48.59
15981,355.84
15966,113.96
351,27.32
15565,7.7
11981,7.15
4856,411.41
15306,13.59
14993,4.76
13511,272.21
11702,0.0
11301,2.23
18935,16.0
15700,84.12
17015,33.54
1162,3.09
11526,13.1
1710,26.97
15108,3.32
8900,0.0
14792,2.75
8914,133.18
10752,14.97
5225,45.1
4788,312.42
14345,4.77
7722,717.48
13317,0.42
7298,1.86
12610,41.59
8993,0.38
16505,62.14
5537,0.0
11960,0.85
3169,2.45
15723,1527.69
1227,33.55
17920,63.9
14463,42.69
1147,6.46
4438,1213.01
3433,42.64
11974,0.69
7800,38.42
5665,1289.67
3350,5.52
14030,2.88
6482,4.46
438,55.76
1712,0.8
14827,1.57
18848,1.55
5572,29.0
5999,5.34
8796,9.96
10300,9.93
1123,26.65
11921,0.0
15459,23.36
11007,7.47
7765,0.0
15634,17.32
11675,13.78
2701,11.72
15527,90.05
11931,0.51
15464,10.62
2189,33.24
18457,228.11
2039,0.61
19127,276.33
10049,272.53
466,16.47
15782,1112.7
12597,0.0
3848,7.02
17830,0.35
8928,38.35
1862,3141.34
15582,1.32
4089,4.86
3562,0.48
3213,532.49
12065,339.86
17383,1321.13
15853,107.21
15933,32.14
15980,374.61
3746,0.0
12465,4.66
8730,215.16
11056,22.84
7781,0.0
12365,1.24
11403,1.21
2814,9.27
6307,0.12
8284,1.78
19150,347.19
4527,7.65
14649,2.82
8304,0.86
9678,15.51
57,3579.15
2480,3.96
9015,0.06
14733,17.02
16058,35.85
9150,23.07
7486,0.67
8918,97.92
2247,206.36
1554,32.38
13275,0.11
15074,112.87
13802,2.62
9195,21.69
115,1658.28
10149,3306.71
2998,11.64
10063,8.68
16812,19.38
103,6182.95
10969,17.62
6497,273.07
5216,222.21
9895,0.16
9052,5.32
1624,10.05
326,17.96
17068,90.61
2065,1.11
42,6375.67
9453,179.41
10689,0.0
9929,177.83
19060,4.14
7948,46.61
9509,141.18
3189,0.06
9149,28.06
4073,13.57
17612,15.06
17509,0.14
1611,13.52
9459,0.45
7638,9.5
17931,17.39
13161,0.0
14611,0.0
1290,11.78
1297,287.55
5267,211.91
14538,13.08
10437,1.28
12398,34.59
1444,1.35
12796,3.01
5090,0.01
15086,27.19
8589,15.09
17666,85.54
3334,51.58
18652,103.6
13884,3.9
10018,0.01
13325,0.75
12085,8.06
13850,18.35
10226,0.0
15540,34.02
12971,6.5
12163,35.27
17121,282.02
828,6.64
4149,39.08
3616,1.31
7920,39.62
9978,110.6
14227,4.65
1182,1.87
13235,0.0
7273,1821.26
736,523.68
10078,219.98
4246,5.79
15823,34.9
7330,0.0
10876,2.46
5657,86.37
9375,23.23
4013,1.24
5990,0.01
15173,0.01
13573,1.23
15542,36.45
3184,0.82
6868,0.0
14752,168.24
18879,66.09
15993,97.75
8724,14.03
5473,19.32
4874,146.17
14452,99.24
16863,4.89
8056,41.6
4344,4.28
9948,7.37
4342,56.12
8390,2.92
7316,0.01
13886,2.53
11915,1.05
13576,15.8
15509,0.0
5719,20.13
13491,0.17
4045,28.21
4848,1.83
5182,5.61
8136,143.74
18842,21.46
18001,71.18
6714,76.2
3778,51.13
14742,557.93
16040,27.69
16439,175.72
5380,67.31
15607,0.0
5760,0.15
18153,14.72
7144,4.24
5763,0.0
4400,1.22
15573,3.86
4197,0.0
2184,21.18
18456,241.71
7207,0.89
8675,0.01
19140,232.87
14777,289.16
5031,1.98
7539,0.37
13599,33.35
11711,10.39
7289,5.73
2503,0.07
19072,1.34
10984,5.37
13118,1.87
16196,1392.08
18903,321.0
6931,2.51
15735,6.38
17268,42.56
12833,51.16
3595,48.58
15403,0.0
1456,58.05
11471,4.87
5714,34.85
14850,34.79
9255,195.04
11844,111.02
16292,0.02
8729,248.09
2797,17.68
3844,0.12
8291,19.12
18460,164.83
5620,4.83
1035,6.81
19039,16.95
18147,28.6
3062,0.0
6462,9.75
467,11.56
18452,1971.27
11162,41.7
8619,31.48
5174,0.33
15482,3.83
3434,38.54
12534,143.92
16681,202.54
13201,0.74
18472,3389.46
12842,16.71
8131,451.51
10479,0.54
9380,22.68
13758,0.03
6412,4.01
4936,7.93
251,15.92
7250,1042.75
322,46.04
9270,98.27
9386,0.34
17613,12.11
7191,26.27
12886,38.84
6847,13.42
3669,213.16
8126,9.2
2277,0.0
18131,36.54
2392,44.98
7324,2.81
313,19.0
11073,0.96
15115,28.56
19016,3.21
12555,13.43
18258,16.82
13405,5.48
7931,1.81
9826,310.32
1911,44.81
15481,3.56
16316,312.0
18112,149.01
4450,710.8
6760,10.79
15004,25.87
6385,19.02
15571,4.7
14469,1.91
6211,1.67
8034,26.28
1768,62.58
6097,0.0
2403,0.0
5230,26.31
15371,0.91
11449,15.71
4877,85.94
18743,1.4
14821,0.0
8948,5.17
16948,0.02
4229,42.66
4488,31.88
9440,1.41
385,0.01
17999,83.06
4166,0.62
18569,42.09
1157,0.0
9272,4.38
11010,0.0
6793,37.91
8010,3.75
17558,704.67
8129,503.03
18427,995.21
2953,2.49
16877,48.94
3481,3.9
14110,3.45
6661,0.0
16527,19.69
4693,2.15
6045,38.04
16413,81.27
3394,0.02
14545,86.9
16059,31.41
17670,111.64
13495,0.18
5248,8.17
1383,0.0
2771,28.42
5071,9.43
8145,138.08
7582,75.78
1272,15.92
16436,153.42
6824,57.53
16185,114.27
10241,0.0
3070,3.08
379,40.66
11535,51.11
15068,0.31
18698,596.25
10375,47.27
13112,1.11
980,98.68
12139,1.51
15701,64.34
6301,10.63
3011,3.92
15104,6.55
5784,54.72
10322,3.59
5358,3.96
13326,0.62
6977,0.37
2279,0.13
14533,211.38
18203,3.26
18140,141.55
7983,6.66
2034,0.0
15103,0.79
10083,635.19
2388,0.23
12377,3.57
4824,253.23
1261,9.85
7623,267.59
4294,0.13
8141,52.93
2988,6.25
970,147.34
35,107.82
4699,77.77
9016,42.86
10935,60.11
5391,19.16
10879,3.4
59,3734.82
10215,0.25
15409,8.06
9854,183.97
4914,169.05
1006,63.9
18763,380.67
878,2.85
12016,0.56
17689,158.82
1962,7.4
7053,16.0
10254,0.55
7603,21.68
18581,116.95
12927,6.8
5848,121.54
8441,2.5
17496,84.52
17757,3.2
3886,34.64
13726,0.09
17054,19.79
15768,2232.62
14088,1.7
10774,1.16
4771,1492.42
3119,0.61
13602,0.01
2393,44.17
705,0.19
12881,69.81
17475,358.92
8629,106.29
6383,15.83
11785,8.87
8538,1.86
4436,1954.76
16278,0.04
13043,0.0
15348,3.6
4351,0.66
7828,5.06
928,0.91
12131,0.18
11935,0.52
1144,13.35
17987,282.26
4279,0.59
423,141.09
1153,0.01
5474,20.7
11409,5.69
4525,7.67
16381,18.3
2626,0.11
2662,106.75
13761,1.0
10946,39.22
18423,2.43
409,95.85
9194,24.51
2935,0.25
9055,5.49
3050,5.2
11697,0.0
12783,4.78
17051,19.08
13642,28.29
18885,963.91
13295,2.3
6216,21.02
14169,0.37
15116,19.69
10899,0.02
7700,292.5
15091,32.54
2301,64.89
4034,57.51
16120,225.82
15365,0.0
18843,25.64
7307,0.83
16080,419.16
13487,6.34
1396,0.0
2636,9.63
6179,0.05
12129,0.01
9391,0.36
14216,23.23
17265,36.35
12788,0.31
17177,1081.1
4074,13.27
9675,34.04
11614,21.51
17233,16.5
7861,1.36
2909,34.26
7782,0.0
5716,22.97
5483,73.53
7708,14.87
12364,2.64
5290,12.53
3125,5.38
18508,16.63
18296,4.28
3958,0.42
387,0.0
14951,0.03
10571,1.92
4128,34.91
19015,60.37
424,18.88
14133,0.77
7656,254.72
2439,127.61
2974,2.14
13661,215.42
18907,64.49
3703,21.61
8059,32.53
19145,839.6
1027,0.18
11369,4.8
4281,10.43
18336,26.61
14053,0.0
5222,84.33
13914,0.92
1114,55.93
8239,2.01
16239,356.91
13977,1.0
13059,15.15
8599,29.4
5227,48.09
6733,7.79
2405,0.03
12259,0.0
11040,48.14
12290,31.44
17236,16.8
18760,459.27
15765,3596.76
13736,14.78
1747,1129.91
19071,19.48
14775,57.13
273,0.04
15777,3220.42
12527,23.65
11503,81.99
14994,3.49
10108,193.96
10564,0.0
2516,0.0
11898,4.49
17940,0.59
18666,171.7
2751,2.08
8166,16.6
16442,53.26
16409,48.59
2112,18.35
4667,57.24
14858,13.81
9163,0.72
15973,1304.87
13681,0.03
9619,36.66
8137,137.36
12462,125.94
17267,47.69
11043,37.5
2959,1.2
4847,75.43
16929,4.58
10853,0.04
18085,0.0
1443,2.61
4738,0.79
13735,37.28
795,28.9
18432,8764.88
10843,0.59
14705,0.21
15100,0.85
2678,4.18
13670,3.13
16367,80.68
10279,18.6
9560,38.72
15578,4.99
11248,0.21
2554,18.47
17890,31.26
3210,672.8
6402,0.09
2255,65.41
4475,754.21
6087,0.01
8268,0.42
18392,148.67
13648,160.31
3965,5.06
13427,0.73
16092,99.3
18901,329.41
1427,3.28
2614,0.06
9029,508.3
15258,2.75
4411,221.12
7499,15.5
290,531.83
9328,0.02
8238,0.77
7438,0.59
16750,119.76
9932,219.87
13755,0.01
1430,6.77
14040,0.92
18473,2916.73
15268,0.0
3263,16.94
12176,13.66
10463,1.97
936,64.98
11689,24.01
17690,125.44
5653,0.03
11524,15.12
2174,34.38
1527,130.87
3721,7.93
10429,8.54
6011,118.09
12210,14.42
7417,4.57
733,12.5
9950,5.14
852,265.57
8727,18.2
9412,863.65
18828,125.53
3415,0.0
1199,19.76
11674,11.54
5348,226.67
18823,270.72
10475,2.16
4638,6.87
18809,929.54
5035,15.22
13426,0.54
12925,5.52
9605,115.65
7442,0.0
7648,1.39
11813,0.0
8939,4.25
2250,102.66
17945,12.9
5186,0.03
5502,6.87
15174,0.03
17865,3.58
6932,2.76
4842,87.44
14965,82.48
7346,74.88
8568,4.09
10646,95.85
8845,16.92
4186,6.19
17335,5.13
2948,0.0
2111,13.73
8256,6.68
16709,4.55
4751,57.6
5922,160.17
16922,44.58
15191,478.51
3733,0.45
12832,57.44
4119,46.54
4783,239.41
11568,0.04
4401,0.61
17067,201.52
4410,251.95
7886,8.55
8195,0.03
651,37.69
265,48.49
1534,32.93
11000,6.03
17943,1.0
14148,0.0
6345,42.81
17395,158.47
7215,178.5
3143,436.05
13829,0.0
5215,1.78
13710,0.05
17847,0.0
4546,304.02
4625,0.0
17193,46.5
17894,38.58
3194,82.73
13517,83.16
5995,8.84
7077,2.4
6916,28.63
2026,0.51
17722,9.57
5046,50.49
8422,0.05
1704,21.11
7040,10.72
327,21.03
5207,0.0
8565,0.0
11212,14.15
9507,303.26
8537,3.15
16995,243.51
9159,27.15
11596,1.12
17963,14.41
15857,2111.39
10577,0.0
18656,1777.91
10419,27.73
3482,10.08
15299,31.61
13303,6.21
4688,4.87
7335,0.0
1807,289.26
7066,22.38
10675,0.07
4930,15.77
18724,8.34
18463,103.62
19106,1862.62
8379,0.75
1084,33.51
11876,6.06
14851,36.79
7660,97.36
7341,1.56
19113,327.42
7540,0.11
5504,0.27
14499,0.15
5219,153.08
4935,16.24
9558,0.21
16313,336.34
13655,67.24
6023,88.24
5852,112.39
15472,0.67
16308,1219.55
2450,21.92
11610,28.67
11066,0.13
7516,49.95
11136,0.11
7087,9.09
17008,51.49
12642,1.26
10812,0.21
16962,0.01
19005,23.56
1664,17.47
12273,86.81
11027,0.0
4731,35.67
4024,162.47
7201,0.9
7092,0.0
2232,825.24
18933,14.24
17975,0.01
13985,0.8
7625,127.67
9361,61.74
6260,0.5
1321,6.11
10715,366.47
12633,0.5
6024,4.33
5954,2.79
17615,16.51
10098,33.47
3570,3.99
13542,12.08
971,143.16
14886,0.23
217,4180.36
11436,18.43
1535,41.54
9748,305.65
13582,12.84
4870,0.01
4333,54.3
3256,28.77
14311,11.15
3353,118.05
17984,307.83
5706,334.13
17843,0.02
15831,0.14
14048,0.36
18596,280.81
18546,1509.2
13539,19.46
17563,21.84
8710,112.86
9905,0.57
4105,81.87
2119,0.64
12292,24.26
17407,66.28
7200,1.49
18988,3.78
15865,418.95
18738,0.81
17074,0.47
12628,17.64
13434,6.64
4921,1089.36
12703,0.85
11679,19.1
7220,0.09
3784,3.08
6556,56.17
11244,3.52
6356,50.74
5843,9.43
8765,2.89
10915,0.0
15249,0.31
10415,10.3
18038,77.1
12969,14.4
3200,4078.74
15879,369.91
12334,6.19
5921,200.29
13795,0.29
4391,5.97
16030,30.68
10760,5.62
6346,42.34
14509,14.33
6206,2.91
9022,12.28
11233,0.09
7049,49.03
6775,0.0
10159,1179.67
10970,14.13
9492,1084.9
12406,64.86
3800,76.96
7810,49.28
1163,2.98
10132,0.09
4110,47.02
9325,3.89
5557,46.59
14239,1.46
1429,5.34
18351,0.71
18404,1.04
5631,21.42
3682,266.03
18323,79.48
16284,174.89
1350,1.85
19029,1.54
6,11788.44
16766,298.42
19008,70.73
2498,0.08
8380,1.06
323,42.02
14560,12.27
13113,1.3
14094,0.44
247,2.13
3938,1.32
10712,428.09
19124,363.16
12729,13.52
5272,74.55
1328,15.6
7172,779.74
14022,0.84
7885,8.84
18100,445.94
15066,0.17
13396,33.9
1347,6.87
6467,27.7
13391,1.85
17083,104.55
3207,1886.42
8805,54.84
4097,339.63
4352,24.28
17511,0.83
6335,3.38
10275,47.51
6428,0.84
12339,0.73
18786,1211.2
17160,0.0
8046,0.34
9450,370.47
2549,151.64
8437,0.0
16597,2.73
15075,108.85
10411,10.48
1530,28.87
16054,0.11
6052,26.81
3314,245.56
7457,65.47
1493,0.0
7472,16.48
15545,1.97
6348,52.56
558,225.93
4140,62.25
8645,1.33
18962,0.06
7474,21.01
7913,35.2
12694,0.0
2127,14.85
137,245.57
17807,34.27
6425,3.79
17891,25.82
16971,24.58
17362,48.72
7502,8.39
5005,7.7
11290,1.43
12836,62.33
14428,1.06
9398,1.1
13591,0.03
7177,392.6
7553,0.03
12701,0.02
2312,367.02
4800,208.48
17425,335.49
7723,559.22
3265,1.39
15713,13.24
4049,1.61
10781,3.67
16006,142.77
3920,68.61
11518,4.89
17665,81.0
13734,20.23
18217,38.59
5421,8.24
15337,12.17
17918,16.46
13766,0.56
11400,1.23
11919,0.44
10041,221.22
9901,31.46
12699,0.73
1599,12.84
6434,0.01
16501,0.0
2167,0.07
2145,3.27
3769,49.77
715,32.9
16674,25.67
361,10.12
16075,16.55
9976,110.7
9989,2.95
11907,0.07
16555,8.66
16599,1.65
10588,0.17
14073,22.21
4609,2.46
18455,1503.16
15833,401.09
7969,0.42
10952,0.97
3860,0.0
6369,7.72
9060,17.38
6270,8.0
16613,0.07
460,89.21
3047,0.21
2937,4.45
2495,21.47
17960,16.84
12916,0.06
16942,21.94
12141,0.05
13627,306.76
8020,70.98
4909,17.13
10280,1.24
6831,15.96
8332,3.29
17212,164.52
2270,34.48
13271,0.0
15807,77.33
11028,0.0
7559,0.0
5377,95.57
18915,310.88
15095,32.74
17512,346.17
11451,20.68
2267,27.22
16350,275.02
5363,33.64
6685,37.14
5659,72.91
4501,1.35
15669,0.59
9855,182.52
7537,0.58
17754,4.93
14223,8.25
7687,880.73
5701,39.74
7473,15.81
12805,0.0
18980,0.02
15722,2809.74
12470,1.04
1087,29.31
12511,953.99
6832,23.33
14767,4.06
9326,4.64
621,46.64
15139,3.19
11132,0.33
12921,32.28
6844,14.8
1086,24.52
3826,0.4
11642,9.06
11886,4.19
17841,0.0
4156,16.32
8063,23.11
17587,71.22
18927,281.98
15511,0.03
6407,0.44
8642,3.37
12475,192.12
15856,2552.58
8054,1.32
18509,15.31
17720,14.76
14543,2.38
12557,3.69
16534,307.34
14186,11.33
9575,0.02
14729,11.06
5083,10.08
15633,23.58
17990,250.64
17520,0.75
6133,37.8
9457,0.5
16741,0.13
14787,6.71
2221,8.96
14342,7.39
12404,72.36
9119,1.65
17639,0.01
14383,0.7
14265,0.27
12646,2.69
18378,565.1
7276,754.28
13197,0.0
487,0.17
5787,53.81
8670,18.93
7061,49.48
8965,92.57
13827,0.0
8607,0.88
17859,0.63
11643,8.54
5199,2.76
18588,368.13
12072,22.93
2545,172.9
12958,68.33
12227,1.03
476,24.93
12479,76.21
16090,85.6
1020,8.22
18261,9.77
9617,41.14
12248,2.62
1453,5.45
4622,6.88
2140,67.82
17249,119.48
2136,69.43
14396,0.67
17458,117.43
8425,3.79
16065,0.0
688,4.34
9003,44.14
134,27.52
1397,0.0
14008,6.53
7321,11.69
12663,5.82
15033,4.29
6228,3.22
8739,22.53
15101,0.7
4413,54.41
10414,7.4
4132,8.38
7515,64.78
5535,2.47
8114,0.0
7711,14.91
17805,33.44
5761,0.0
3934,25.54
16891,4.03
485,0.0
967,261.54
3525,0.0
19065,20.83
15478,1.04
14158,0.28
4519,0.01
3498,2.63
9058,72.56
13789,2.16
10154,2043.18
2319,341.25
14112,32.28
13940,0.0
9473,4629.17
18753,0.09
14813,0.87
14028,2.94
6259,9.76
10010,97.1
16796,545.15
17769,65.29
1346,16.05
13124,0.0
7897,6.52
8454,0.0
11324,11.32
9444,0.52
12056,289.19
18398,98.1
11148,1.47
8559,8.64
8375,34.16
2129,302.89
3984,385.22
6145,4.02
8194,0.03
10628,1.1
9249,314.59
2315,362.13
12710,0.0
856,91.33
16189,113.96
4614,0.66
9620,22.13
4168,12.79
5500,7.59
16829,9.09
119,1023.29
13262,0.04
15589,0.45
12231,0.61
17381,50.73
4258,55.35
13958,18.23
13098,5.93
15387,0.58
1580,22.37
8846,20.93
13099,4.43
8922,33.98
8554,8.6
18840,21.95
10845,0.28
18138,220.03
15672,2.65
4794,25.68
12119,0.06
10208,0.71
17377,58.2
17895,36.41
3477,5.33
10838,27.2
12240,0.02
18507,20.45
16759,1494.93
2879,43.03
17272,1066.58
10285,0.57
14848,37.36
7363,23.49
14525,94.91
12326,16.53
11351,0.12
8093,10.13
17477,268.42
8327,0.0
3941,1.35
11681,0.19
286,16.72
5019,0.47
1323,5.36
18154,11.63
4153,20.25
15006,11.42
8748,7.62
72,18318.16
11553,1.11
410,132.23
6969,11.66
3242,1553.45
14035,0.09
11117,2.89
7704,56.92
11146,0.96
12715,0.04
18065,0.05
2859,9.92
8873,5.86
6756,0.01
14725,0.07
4445,413.98
2334,14.98
10389,15.14
8344,3.22
12914,0.12
14677,87.19
14340,7.97
7626,130.38
17557,727.5
13685,0.06
16685,94.86
7085,10.63
3537,45.07
14440,17.68
10423,21.36
5595,27.12
6918,33.7
4907,60.78
2954,2.52
10101,24.06
1071,1.98
16188,110.53
18022,7.03
18562,421.64
3310,5.46
17553,488.86
16202,409.2
8604,0.52
16245,264.27
11585,0.0
2497,0.3
13082,0.69
16222,45.17
12476,84.07
18816,854.83
2571,281.8
6584,58.32
10560,0.03
2308,1052.1
5224,60.12
7921,35.31
4574,1.6
3656,208.07
1005,58.92
14184,12.41
16941,18.71
11179,0.14
14487,0.14
13469,11.51
14519,311.13
14960,152.37
15322,0.78
10216,11.63
16511,39.98
7588,138.51
2748,1.61
8486,10.52
563,266.83
14657,4.4
6506,68.82
8784,0.05
11343,9.71
13854,6.24
12535,145.78
18396,109.47
12926,6.39
15162,33.64
16070,0.04
7820,2.15
10820,55.56
16192,2893.66
9441,0.59
14927,2.61
16109,9.95
101,6235.04
18857,228.18
8958,30.52
4993,59.28
3485,2.76
695,1.74
14801,0.29
18142,85.56
18998,87.01
6442,0.96
8354,112.41
4371,663.99
15231,108.38
13894,5.14
4367,47.97
16503,0.65
6624,0.48
7038,0.58
7048,59.29
11095,9.76
17237,17.74
2641,363.38
14553,229.76
635,221.28
817,0.0
16699,125.37
15165,14.55
2361,45.32
18253,16.66
18189,1.92
7110,0.0
17728,0.02
9192,28.38
3379,1.42
10597,41.6
3474,12.19
3755,1.81
7695,310.46
7725,239.54
6367,0.77
2910,35.63
8153,7.6
836,0.0
4417,0.0
6329,3.3
7652,0.5
4058,10.9
4828,231.53
1729,0.02
7039,0.66
7877,0.29
10315,4.87
13311,0.64
18101,385.66
13115,1.7
2214,237.36
11609,25.76
15291,0.36
18326,61.4
9438,89.29
6070,0.7
1158,0.0
2271,39.36
14641,16.74
18583,94.52
7568,518.24
123,511.64
1247,15.96
820,0.07
16112,28.0
5274,49.32
12078,4.73
9639,87.57
17554,491.2
11041,48.19
13954,20.65
4885,1596.89
5115,52.52
5026,0.75
2152,21.1
15255,0.07
12900,2.84
6088,10.53
16024,27.6
7650,1.09
11216,1.94
2141,67.32
7277,613.52
3043,0.5
16516,0.0
15900,445.35
18819,526.76
963,464.37
5282,1.9
9868,50.81
13056,22.06
7841,44.27
6946,33.99
3971,0.0
5833,222.31
12922,24.61
5058,0.22
8214,0.0
708,0.02
16374,4.99
10804,0.0
5575,29.81
18796,27.7
9025,846.5
9132,4.32
7980,3.86
13805,1.61
927,15.15
11583,0.45
5589,1.17
14513,898.84
8871,1.09
10452,0.0
4101,176.28
3421,1.1
11799,0.59
11519,4.19
15335,0.88
1905,54.67
14049,0.0
13640,62.26
8170,199.6
11200,48.36
12368,0.0
15112,40.5
5732,0.64
1957,0.0
2559,3.52
9972,322.74
8227,0.0
1838,149.48
19101,72.2
8657,0.18
7471,15.74
4618,11.29
12933,0.0
14580,0.79
11665,4.72
16799,334.72
3658,196.19
9415,839.74
17084,128.86
11850,1.25
10341,0.03
6248,24.09
5018,1.18
15467,9.72
9666,0.12
15380,0.0
17706,23.74
9358,0.98
3486,2.77
16270,28.24
16513,0.0
18027,94.89
12270,0.75
9565,14.19
15738,987.78
8815,18.92
13677,4.38
10269,19.31
12603,0.27
8161,35.69
19006,19.04
5412,0.0
2885,63.98
9566,15.78
6427,1.71
7125,162.88
11408,5.39
18417,4.34
9357,0.29
2684,70.28
16772,602.91
1730,0.01
16787,405.09
2677,4.44
5900,592.92
17035,55.72
1557,13.61
8888,16.8
11709,10.51
15221,22.55
4585,156.75
3843,0.03
18185,7.39
1697,6.89
10038,883.88
17437,2.77
7301,0.95
11398,50.29
13524,153.06
18655,54.33
10301,6.98
6734,7.44
8421,0.05
5617,5.12
16887,56.72
10722,546.93
3578,12.25
2300,77.05
3649,1417.41
14064,52.95
127,343.64
6268,8.65
8889,15.48
4596,42.69
16723,0.58
4448,745.89
11192,23.13
9070,72.84
3710,8.47
10542,4.15
10981,6.64
3852,3.37
2085,4.51
10257,149.4
15652,12.35
450,508.64
16986,163.85
10365,0.12
9671,0.59
3739,6.61
15598,1.17
3651,1204.06
88,3440.54
7858,1.72
1419,3.05
15342,3.83
14712,64.89
16477,42.82
8664,44.41
18623,17.5
7836,26.38
7462,46.35
6569,297.75
17514,142.65
3615,26.01
12985,170.52
6601,552.43
4048,2.14
16073,13.66
16074,13.54
17773,68.89
17740,2.29
18049,1.94
2826,8.01
13836,0.47
12285,22.96
8029,17.85
13338,17.78
3978,5.47
16362,77.04
16786,447.05
17423,489.47
4982,0.0
5817,40.51
8439,0.0
6423,0.01
12101,5.17
7726,228.77
10784,0.06
11640,13.57
8178,3.81
17025,410.88
8687,17.84
2117,1.08
12303,0.86
15647,2.79
11067,0.06
1092,21.32
12785,0.76
18615,2.43
8293,20.7
17023,124.67
8019,100.84
9315,0.4
4148,41.91
6355,43.84
11487,4.63
7449,1.22
6920,6.75
16874,99.52
16991,164.49
3588,152.3
10611,45.5
4610,0.49
12195,0.71
4941,4.71
9985,6.19
8139,129.37
12477,77.33
10312,5.73
2781,0.22
8631,99.98
18414,460.55
18515,0.3
13961,6.07
12934,0.0
1066,5.16
2519,0.07
11082,4.77
3472,11.42
3846,0.32
1632,289.9
8829,0.79
12272,71.2
4325,171.87
9967,172.05
9935,168.45
13322,6.32
9134,2.72
1026,0.32
8877,2.47
13106,4.68
9537,2.85
3014,1.86
10471,0.0
10794,0.52
10824,21.23
5683,283.42
6392,7.66
12868,1.55
9834,27.33
11859,11.05
9240,12.28
15396,0.0
15943,0.14
8409,1.81
169,330.81
8935,31.92
2968,3.01
3233,389.79
13967,3.87
17823,7.7
10323,2.7
7159,7.42
17860,0.64
2767,18.93
1119,31.77
8507,10.32
8865,1.71
14838,0.0
6066,0.97
13920,0.0
2225,129.58
15187,619.47
15570,8.73
4634,14.52
17876,87.93
13651,99.54
13253,0.0
8057,44.72
503,0.1
15120,111.12
1804,328.51
8630,93.5
3488,0.11
5568,54.99
17785,4.61
16946,0.05
3458,16.34
2177,0.04
1023,7.87
5893,1760.2
15080,33.63
14356,0.0
6147,2.05
9432,94.35
18219,42.11
6118,88.37
15225,236.87
5364,21.94
12665,4.21
15759,2675.58
697,19.29
5749,0.0
14741,585.78
9115,3.27
6388,14.61
17701,28.46
2602,15.3
2020,6.81
4205,5.69
549,115.03
11375,1.0
13888,6.19
7562,13.76
19013,48.54
16906,94.45
9338,4.34
9800,68.39
14568,5.16
1705,19.05
17462,235.2
7315,0.14
18571,42.86
13254,0.0
2483,1.96
11315,35.5
13030,0.0
15821,26.53
13916,1.35
8722,27.0
7585,143.37
13332,6.1
11191,1.35
5885,44.36
1981,69.65
8665,49.14
18597,214.37
4296,13.75
9820,268.25
9189,41.57
17812,16.77
16987,178.96
14086,28.16
17497,74.83
12758,0.13
13604,0.0
12023,0.07
13660,322.08
9397,0.38
4999,48.64
6808,4.03
16327,321.53
12669,3.72
1901,1114.1
6632,12.61
13049,0.13
3248,58.2
17856,0.12
5862,0.51
13905,0.14
15976,571.88
8647,1.87
6224,1.0
15590,0.16
707,0.07
8603,0.57
17164,122.68
6892,2.57
5642,125.62
3532,0.4
14020,0.24
11545,5.61
3268,0.54
15133,31.76
14359,0.01
12082,44.72
6095,0.91
9534,33.39
10967,1.18
14303,4.79
12407,66.27
5836,210.96
8910,1.33
11370,5.85
3,21863.62
17835,3.19
12572,2.61
6271,7.45
9305,7.35
4755,0.04
9180,19.44
9109,0.03
13530,2.51
14491,36.9
12103,7.4
10963,1.06
7895,0.0
16235,671.69
2579,56.47
2325,255.95
17467,45.62
10527,9.4
1303,160.6
13410,19.31
5980,8.88
15737,982.74
11039,0.7
4345,4.56
14829,0.06
17697,54.75
12644,1.29
8528,0.88
7101,7.01
14915,0.56
16649,78.94
17017,202.84
17147,3.26
11652,61.28
1510,0.0
16410,43.43
3234,299.8
18357,2.77
17961,14.6
11753,93.52
4303,5.47
12369,0.0
15678,0.39
2856,7.31
14507,22.31
4007,40.62
12202,7.11
2932,0.11
17888,38.17
6279,22.28
9056,169.18
14857,14.07
9755,86.45
5337,290.1
12400,78.29
3105,39.47
14992,5.35
3106,46.36
12837,60.11
8810,24.04
14074,17.15
13696,0.0
17889,38.63
18339,32.51
4832,16.59
13938,0.0
17217,41.56
17549,473.34
14944,0.06
291,467.2
18566,260.32
9559,0.31
401,576.24
15347,2.6
11566,2.0
13196,0.0
6935,4.23
11884,3.42
4871,0.04
13155,0.0
9172,2.16
16201,499.22
3068,2.11
18752,0.86
960,564.72
10141,59.4
16843,13.65
13717,0.0
10075,518.9
10855,0.54
2238,271.75
3295,4.92
5195,5.3
1722,108.08
4010,3.14
2864,213.92
15289,0.21
11219,2.14
1355,6.41
14500,0.04
4881,3279.98
6137,3.19
3059,0.37
4836,10.68
6904,25.04
17949,10.91
14549,23.12
13974,10.43
13593,77.63
341,91.89
8581,55.49
9367,71.44
12379,3.72
17682,17.76
8025,29.58
7671,0.1
9910,0.03
7649,1.13
15693,934.26
18651,82.02
4125,1.38
8660,0.03
608,0.37
12440,368.97
7655,0.14
19,341.19
14760,26.88
7771,13.6
18094,10.44
9161,0.81
10769,3.86
3323,52.97
8700,114.69
12008,12.82
10392,2.06
17871,1.94
8254,2.49
10474,2.56
16563,27.87
13890,9.06
2676,5.74
14254,0.74
12311,5.01
3211,775.78
3894,37.82
17468,45.39
8213,0.0
15771,940.51
2647,218.15
17027,369.0
15176,18.49
13040,0.0
1983,84.05
17671,108.44
9405,14.44
2408,14.9
8317,4.99
14194,22.66
657,178.4
6164,7.67
751,82.44
16247,242.51
11187,0.84
5478,7.73
16821,0.31
4193,0.0
18943,3.73
3048,7.93
14869,17.55
12420,1.26
3545,13.33
4375,329.14
2235,586.11
8407,6.36
553,937.64
16998,226.14
14724,0.04
576,7.24
2444,4.04
47,2677.04
14012,2.1
7567,10.7
8443,2.45
1944,13.85
15084,36.98
1450,18.76
10493,35.94
6306,0.16
9760,7.69
9931,202.17
17205,195.95
10732,13.07
12954,133.11
5561,28.19
18434,8579.64
17607,0.42
16105,22.29
14402,34.6
13785,10.08
11625,0.91
1213,1.3
13553,230.86
14108,5.0
10890,7.65
18914,331.53
5553,121.41
14517,305.72
744,69.2
2878,37.84
17376,49.68
10119,1.37
14160,0.07
11573,0.0
729,11.65
1640,64.28
7735,20.43
18137,249.72
2638,6.01
542,11.05
11152,65.03
15052,6.26
15132,38.88
4387,10.78
14620,0.93
15238,5.02
17390,320.17
6315,3.72
4178,0.01
15619,0.01
1952,0.3
7132,62.32
17168,0.27
7702,296.09
15919,99.44
11973,0.07
15820,25.35
14516,450.96
2078,4.22
7898,8.31
15940,0.05
16552,19.59
15575,2.95
3468,26.52
16698,154.76
8217,0.48
14856,13.52
18668,174.39
13021,0.94
6350,30.45
9925,546.55
5707,283.74
2066,1.35
7231,119.9
7691,351.16
9883,21.09
3725,10.01
4472,1271.0
11036,0.45
3478,5.88
5015,22.16
18500,3.92
14372,0.03
15608,0.31
10239,0.86
15685,3728.34
8147,139.5
17581,290.28
12834,47.41
3547,15.25
7784,4.16
15257,3.63
14881,0.69
9687,0.08
5863,0.55
10435,1.62
4254,28.56
17619,0.0
16752,4266.48
9209,12.9
7014,87.27
3411,0.0
7796,93.82
15113,31.12
5748,0.0
14111,5.79
8267,0.27
1175,0.0
2485,1.38
12784,1.1
14128,0.91
13359,2.14
10579,0.0
9997,23.34
16529,478.55
4743,0.13
15494,0.0
18483,380.23
4812,376.01
3702,20.57
14835,0.0
13037,0.05
5341,102.34
6532,0.0
14685,34.68
1166,3.17
9231,5.09
11955,38.23
3077,0.0
4590,59.08
1783,85.9
7681,1632.64
1130,10.69
2414,9.64
8561,0.0
6281,18.19
17086,83.81
14999,3.86
11959,24.75
9835,28.47
4852,0.02
11144,1.35
15951,98.37
12761,7.91
9626,189.87
9392,2.85
16207,308.35
5770,7.93
17418,81.19
2698,8.71
18832,9.97
4980,0.0
4572,1.45
13649,120.3
16913,208.61
17167,0.11
19054,52.63
15677,0.1
18165,0.39
7918,30.74
8654,13.85
6075,8.24
13925,0.0
14198,26.97
12041,15.25
12060,187.58
13957,15.3
12577,0.1
14496,0.55
18798,16.86
10221,5.49
3974,0.01
17250,57.29
14583,0.94
483,0.59
10421,22.85
1315,87.19
12309,4.47
17793,9.15
18468,1101.36
17189,223.13
14715,39.57
2298,69.55
10989,3.37
7682,1538.19
907,38.77
1576,19.79
14267,0.28
1339,92.91
7713,182.37
4504,13.31
16375,5.23
5107,188.38
14041,0.58
1989,67.57
16324,383.82
3526,0.0
18552,477.31
9416,307.73
14636,18.96
121,629.18
7007,2.31
3919,26.91
12308,5.89
7730,27.27
4671,47.16
8525,8.77
2578,53.78
15712,93.43
3282,0.0
5849,114.7
14066,48.66
3341,0.62
1270,0.0
15056,0.01
4461,12.37
1691,71.34
16624,0.01
18887,872.67
17295,70.58
9059,79.22
13090,0.39
8875,3.59
6757,0.04
16465,153.22
12362,4.6
5952,2.52
18799,19.72
16846,5.33
1208,9.82
3204,2611.94
12030,11.53
17309,72.36
4084,0.0
17481,155.8
15788,4040.19
1090,65.09
1533,33.16
17702,22.81
1411,31.34
9138,103.52
9390,0.78
12357,0.04
2360,46.74
3572,2.79
13644,7.61
13103,1.07
13950,0.15
3503,2.78
12859,1.08
17353,1.39
4981,0.0
7015,94.34
5513,4.94
8818,30.85
10059,21.27
17654,217.82
5020,0.49
9645,33.78
4730,38.44
5116,47.47
13590,0.08
10359,0.0
12123,4.15
15445,0.0
16919,111.4
4629,0.0
3251,45.17
12725,21.65
18320,77.58
14912,1.14
1767,169.08
16060,25.47
15427,3.06
12189,0.22
7936,8.32
9568,0.05
11032,0.47
8270,0.55
7900,9.21
10826,20.81
9553,0.01
2740,0.0
18276,0.37
2546,156.63
18881,2212.85
5100,8.46
7004,3.7
1002,212.61
1061,0.0
15899,649.2
13336,5.15
10201,4.11
11656,26.81
6174,2.69
2995,13.76
12639,0.1
11734,201.75
6848,1.29
9875,4.29
14630,46.57
15898,738.79
16981,471.0
10299,21.18
2796,19.58
2146,3.23
7484,0.57
17677,1.83
586,18.02
9329,0.0
14854,27.1
2266,28.58
9814,913.35
10425,16.53
7696,398.21
11096,5.83
7463,54.27
3410,0.0
12570,2.09
7546,29.52
14710,0.02
15000,49.93
7180,382.39
13078,5.79
9676,14.19
7721,778.04
2448,29.65
8852,33.26
3993,96.51
17426,287.95
19077,0.07
8696,158.1
13702,0.0
17817,9.53
2585,23.89
13181,0.92
17731,0.0
15232,12.54
12120,6.29
18399,105.94
13733,23.61
1570,50.27
1398,0.0
2281,216.39
7665,0.69
8246,9.67
2021,6.32
16186,100.7
16415,70.22
14313,0.76
5857,1.03
2730,3.87
2002,11.93
17883,22.23
2848,0.09
17010,48.65
15936,1.23
902,59.39
16743,1.47
181,5559.96
1063,0.0
4032,60.51
8774,0.0
6887,0.0
1853,165.85
2605,16.92
17786,2.91
15236,5.48
16277,0.0
8122,12.33
5576,1.45
18266,6.31
18133,13.57
11195,11.66
1926,0.69
15535,30.37
14772,60.53
8628,128.66
7511,87.55
50,103.87
10413,8.15
6062,12.72
4293,0.09
5687,161.21
17135,182.65
11887,4.65
2458,226.87
16666,12.58
19089,0.13
14481,0.36
7524,2.06
14726,0.16
9657,10.82
3393,0.02
10305,14.42
13589,0.0
16600,11.29
1097,2.24
5343,114.09
2534,447.45
15854,72.83
9684,0.05
11333,0.45
16407,0.53
11930,0.37
13485,5.64
14116,24.26
2086,3.24
18657,1431.55
10519,1.97
12920,36.79
6267,1.71
6438,0.0
4740,0.0
19044,303.33
18712,182.89
6535,0.4
431,6.29
2202,255.39
1572,51.48
9545,10.01
18561,410.23
9674,39.2
1277,11.25
9243,15.7
6366,0.61
7501,10.62
7934,0.95
7466,14.09
8287,2.07
2616,15.67
15621,0.0
11579,0.55
17645,6.42
3788,1.15
884,33.68
5460,86.27
1039,8.02
1470,15.88
6424,4.41
293,251.87
2445,2.59
11464,21.99
7589,149.06
12081,47.33
2095,3.76
17492,2.2
18040,39.86
1194,11.9
1010,33.16
19123,510.36
15333,0.04
4304,0.0
7879,0.48
17007,11.24
8544,0.23
4505,11.12
17559,722.54
17044,5.63
900,118.46
16249,126.14
934,0.0
10994,1.02
18867,0.17
4489,29.49
14877,0.15
16164,0.0
7912,39.36
17623,0.09
13653,51.94
959,14.21
1148,4.83
4328,62.48
2051,44.34
5916,19.37
2054,10.5
2501,0.23
17995,70.5
9000,213.8
12321,33.0
10895,8.07
2323,333.55
5203,0.0
18324,48.92
14619,0.57
11612,20.55
15657,1.34
7802,48.86
18327,65.02
12858,0.48
9888,0.69
3507,0.23
2862,5.1
8508,8.33
18418,2.39
7508,102.42
9982,132.85
16323,306.98
6466,32.22
10639,9.82
3302,0.0
4983,0.08
2699,11.93
6076,6.89
3352,123.24
14315,0.03
2622,4.55
1056,0.02
18808,1250.11
18443,1559.09
5431,0.0
18725,7.44
7182,336.07
2874,47.34
5971,0.02
12995,4.39
3298,0.0
10054,356.76
11588,0.0
11429,36.52
16424,218.54
6202,15.96
2157,24.66
8786,0.0
14273,0.01
9623,18.96
7327,7.52
3798,2.59
4220,41.87
16593,2.84
102,6138.23
7596,3.47
15650,11.29
16684,113.37
8620,16.36
10210,0.4
8191,1.31
1694,54.31
17279,175.13
1065,5.37
17869,1.74
8860,13.89
10436,1.24
16429,151.09
6143,0.39
15416,1.84
10545,0.42
3230,8.28
13424,3.19
34,138.3
12062,160.78
2358,62.01
6114,110.8
9489,1065.08
2608,0.9
5198,1.01
937,65.77
396,33.83
15800,127.39
10027,93.21
3698,30.26
10629,0.73
2134,157.36
11591,0.0
3425,159.77
8165,12.35
9851,533.5
12567,0.68
1210,1.58
10091,202.77
13486,6.36
1085,25.4
15077,86.32
8193,0.03
4385,14.64
17502,70.75
8410,4.6
11042,40.07
17391,229.17
2635,8.52
1458,40.38
18078,8.22
1318,60.26
1769,54.64
11373,2.49
13211,1.34
2583,47.78
6729,13.14
4318,5.74
1475,0.16
130,53.24
6765,0.48
16136,146.83
5721,18.41
4547,319.36
19093,0.43
16784,683.76
15082,29.49
1825,1.5
17822,9.95
11269,126.31
14061,0.7
10982,8.02
11250,0.0
9606,129.84
15860,1204.01
3449,4.09
2216,55.88
4336,77.42
8406,6.48
4201,4.77
7496,24.25
18000,80.93
19068,21.49
12055,554.35
8206,1.51
16354,275.74
655,14.75
3926,56.29
15212,5.48
2589,20.05
8688,573.44
4600,18.29
6536,160.83
5081,13.11
18159,7.38
3461,2.76
3855,2.71
12797,3.27
449,849.38
6505,69.09
16824,11.01
7728,36.15
12416,4.34
9655,1.56
535,264.72
17710,10.71
3511,0.07
15215,3.73
8408,2.72
2425,138.55
1836,156.39
4165,1.03
11520,32.05
13343,3.84
6769,0.0
2680,128.11
8452,0.0
12678,0.04
1038,7.89
4484,62.91
14057,0.84
7779,0.0
6218,19.86
5809,6.9
1870,1185.26
11060,13.56
6105,3.08
13991,1.43
4787,398.87
1688,81.13
5711,168.35
16121,198.34
6983,0.04
196,1411.3
518,725.9
18557,160.25
9773,22.25
8771,0.06
6687,39.24
10792,0.61
19100,103.76
3997,42.81
12760,14.28
13982,0.15
7353,23.48
12612,44.23
5925,85.93
14416,11.0
454,192.11
17076,0.05
17229,6.61
13169,10.28
17392,193.31
182,4485.29
3288,25.95
11289,0.68
2522,20.61
7386,20.3
3589,143.36
18625,0.71
99,8125.19
16233,1056.44
6084,0.09
12026,21.25
4202,4.35
17432,121.38
6517,2.09
8413,4.06
18375,1224.68
1707,22.97
254,16.72
3652,1060.66
1302,153.04
10416,40.36
12066,349.4
16338,206.99
14117,17.62
13198,0.03
3023,15.93
15505,0.0
10829,20.14
5268,131.42
933,0.0
10043,243.77
15706,326.39
12596,0.0
3165,99.82
2518,0.02
1373,0.58
7414,1.03
3704,21.19
2009,132.72
6518,2.44
15462,15.46
15732,2.19
12793,3.34
6659,0.0
1037,7.38
12912,0.55
2704,0.19
10926,0.57
12198,0.47
12128,0.13
5157,19.02
5489,28.29
8842,43.73
8522,8.02
16468,137.42
4896,1062.97
7029,42.0
3269,0.39
6494,11.49
9595,102.76
8013,4.37
2697,8.15
12353,0.32
4672,48.58
13706,1.06
7268,151.31
10933,50.87
15393,0.0
7731,28.21
6712,96.39
8366,19.94
15816,35.57
10369,50.09
5128,4.04
10510,1.86
3559,18.24
13692,0.98
664,555.06
5394,1.08
13206,0.28
5859,1.34
9630,63.34
13277,0.58
8138,137.41
15259,3.4
3128,66.18
11978,15.09
12296,0.75
10431,7.02
6498,241.47
17565,7.26
19059,4.5
17957,0.15
4807,30.82
1984,60.04
13793,0.8
2435,153.73
16053,0.0
13523,83.47
6723,28.41
6235,0.15
11478,0.0
10484,116.13
5667,1048.89
4219,35.15
2981,38.72
12877,5.63
1280,0.11
8794,2.65
14195,23.25
15136,3.61
15301,28.66
16333,26.29
2813,8.8
6266,1.85
536,76.57
14998,4.66
19028,2.88
15062,0.0
259,0.0
3948,11.44
5155,24.71
11209,13.53
8348,8.15
17375,49.42
10498,60.48
2003,12.38
9955,65.78
4580,8.28
640,302.74
617,76.92
474,27.75
1310,59.8
14535,155.46
13835,0.84
12283,35.56
17248,119.16
18906,90.14
7628,127.14
17997,84.54
8144,141.18
6750,9.33
18330,17.08
993,49.44
18690,308.24
5259,34.39
6443,1.08
12156,0.11
1866,1306.63
7229,149.7
3111,23.39
9245,6.08
18069,0.01
14884,0.2
11432,28.2
1121,28.35
2656,128.87
8416,0.1
12489,102.84
6053,26.75
15538,28.03
11828,220.41
15674,3.13
12074,11.24
10536,9.95
16414,76.61
19139,281.4
15550,0.59
1698,5.62
1835,261.05
18135,16.57
13249,0.02
8689,563.75
12620,10.22
9289,133.07
1042,0.06
8530,1.08
3335,63.95
9020,30.96
12614,49.5
4750,52.65
17080,87.14
17604,0.21
11635,1.1
1433,4.15
10959,1.17
12546,10.11
17026,339.31
16526,20.87
9140,75.16
377,32.84
357,2.03
11548,5.63
11521,23.06
6526,33.71
13202,0.05
17136,339.47
9688,18.5
1441,38.77
16915,160.93
3609,18.76
8887,0.04
15773,427.72
2234,672.87
4245,5.44
1713,0.32
6415,4.09
18314,1.7
13932,0.26
7635,7.16
8097,0.13
2252,76.02
1968,292.99
1805,311.28
16067,0.0
3707,13.67
12681,3.81
10700,34.58
7606,10.06
3753,2.37
18802,258.87
14946,0.0
7748,0.71
10331,6.69
8337,0.0
3015,2.63
2718,4.49
11304,44.09
16430,147.41
2958,0.5
1256,12.04
2420,344.41
8485,8.33
16583,86.33
8121,13.06
222,1305.58
11909,0.0
14121,34.47
14170,0.66
14680,41.13
17156,0.15
14014,2.64
12166,25.85
12988,113.8
7831,4.89
16416,1059.28
7981,5.33
1336,127.53
1402,1.16
113,2239.63
4315,9.7
5359,4.22
16628,0.0
12467,1.93
5625,31.69
6826,50.71
5815,2.88
12347,8.17
10708,1102.85
10934,56.44
5099,9.44
11631,0.8
16739,0.18
3617,1.43
6812,1.33
13534,2.15
953,23.39
6015,40.2
9757,92.89
5456,101.43
8981,1.66
13978,1.01
11963,0.89
12481,0.72
14991,1.7
11660,19.65
6253,7.92
3608,17.9
135,27.53
7677,70.97
8280,5.95
9125,0.0
13063,12.41
10029,79.29
7168,1096.15
1489,0.0
16115,27.53
12569,1.52
18211,133.2
13707,1.14
3964,7.83
4037,56.75
11364,0.0
19114,308.33
3502,3.57
2087,2.53
17406,113.5
13708,0.08
9808,1825.15
2929,0.32
9234,0.0
15902,243.21
14791,4.65
9701,230.98
2133,168.0
10610,54.88
11203,42.44
18685,23.11
3931,28.82
9672,47.26
14129,0.82
16332,33.37
1890,333.09
4510,10.73
11786,9.66
7356,22.37
11701,0.0
18833,9.77
8285,1.67
10462,1.58
2714,5.72
13138,0.0
15214,3.94
7487,0.46
6914,28.64
16318,279.94
4978,0.0
2760,23.91
10549,0.26
5639,0.71
8594,28.9
11852,0.33
17571,125.46
16682,166.04
11285,87.75
1833,361.92
18576,408.97
12879,7.9
3579,9.47
1139,0.18
3794,17.57
3623,0.02
11193,17.94
13904,0.75
8735,78.28
17158,0.74
1692,63.06
15466,17.5
12754,0.64
13307,0.02
13641,33.95
5549,1.95
653,20.89
14161,0.0
6538,102.96
18273,0.65
4069,0.14
2726,0.0
1113,62.0
18830,97.31
6444,1.48
930,0.01
373,0.0
2099,0.0
5960,10.08
2993,14.0
18301,1.71
15626,0.0
17322,194.47
10608,57.11
11276,40.33
9577,14.9
8637,40.89
15419,4.07
8250,1.8
17503,77.68
4115,73.93
9394,1.92
8639,41.27
2132,187.3
10726,423.47
17266,73.29
16961,0.0
17606,0.31
9332,0.03
41,8072.82
5094,0.0
9853,203.22
12385,214.05
862,46.76
7326,7.05
11798,0.44
9183,12.11
12029,14.84
4884,2321.57
5217,175.0
11282,111.71
13465,6.76
4850,1.27
11658,17.96
638,74.6
4441,631.96
16974,20.67
14506,18.2
566,150.73
13927,0.0
8726,11.78
3851,5.8
17974,0.02
3643,34.28
3857,0.0
15792,771.49
10342,0.03
1305,55.12
4739,0.25
1219,5.88
1362,0.21
15964,152.87
12613,48.14
8279,0.58
4104,80.74
11804,8.58
5566,14.63
11317,29.43
10120,285.14
8973,38.66
11717,465.19
8176,2.1
54,7.78
12753,0.55
13342,2.48
7068,21.75
13554,216.62
3528,0.21
15018,9.67
7305,2.28
735,12.2
5236,50.27
16432,239.03
1964,6.92
2629,0.0
7302,0.8
3668,224.3
720,0.36
14006,9.1
7026,47.78
17115,42.72
426,21.93
9334,0.01
7475,25.68
17751,0.0
5149,24.92
9913,33.57
16099,87.58
17060,0.0
17198,105.01
2543,178.84
6433,0.05
18706,1097.49
2275,0.52
14660,2.85
17415,177.54
420,162.33
284,38.08
998,22.95
5861,0.05
7667,0.96
3181,63.85
7615,71.09
3376,1.32
7030,40.07
3073,0.0
5814,2.21
3287,0.02
6074,7.64
17519,31.82
7241,950.21
10231,0.0
8803,106.12
3245,620.42
12375,0.0
19002,52.11
10809,0.32
14637,14.72
17550,412.48
8797,3.79
4972,1.69
8103,0.13
12116,0.08
11732,214.21
11321,11.62
4043,24.44
16306,1473.44
8477,5.88
14867,13.26
4899,906.6
10004,0.02
17967,4.98
11836,72.92
7747,1.17
682,48.75
5023,0.72
10925,0.46
11920,0.0
1720,147.2
150,0.49
13671,4.65
4113,72.82
9385,0.37
6510,57.35
221,1664.69
4226,33.45
9395,0.75
16836,0.0
9740,81.79
14650,1.96
11733,193.2
15320,0.5
5746,0.0
13971,13.0
14822,0.0
7789,1.67
803,2.14
7477,24.94
5160,18.24
10619,0.6
14059,0.53
16177,0.04
16813,18.97
1606,0.0
3024,21.8
5459,107.18
13166,0.14
13423,0.58
17401,258.83
13213,0.31
18379,425.74
4528,0.0
1276,13.22
5826,664.49
13390,0.27
5148,47.22
3274,12.61
18051,1.17
4770,1612.11
9250,294.24
15500,1.73
2380,14.03
982,72.87
11097,4.21
18658,1314.37
18539,124.14
11997,15.64
17937,1.94
18854,0.08
4605,19.85
11313,37.03
5418,30.71
6153,38.66
18259,15.15
10087,495.03
8692,379.71
16826,12.09
14488,64.17
14019,0.38
11527,14.89
13454,21.2
1255,0.69
3315,235.27
9815,876.88
15043,0.0
7749,0.69
841,13.39
15691,974.26
2481,4.25
10025,84.21
16168,537.1
18442,1639.09
7882,11.38
9292,62.51
12214,10.72
2946,0.0
3223,641.65
16679,24.74
829,5.59
8840,41.08
1602,0.0
11253,0.0
13972,12.45
3058,0.01
13502,4.31
3429,100.35
4540,10.69
15364,0.0
7513,60.14
447,96.19
12079,3.9
15852,152.84
9515,1409.12
10607,21.05
8632,62.47
15361,0.01
6958,11.76
18731,24.29
13286,7.48
17118,28.38
15178,18.39
18311,0.0
18451,2734.01
14687,45.28
4347,1.93
16088,87.13
3752,1.8
1921,1.33
11723,256.61
10906,0.19
10356,0.0
11616,26.21
4653,4.17
1358,1.32
6803,39.75
16951,1.95
5764,0.0
6842,12.34
12791,0.48
17005,10.51
15486,5.01
6590,7.25
15019,8.78
4548,229.09
9939,164.26
11895,0.51
18086,0.0
3821,9.59
5689,36.45
4843,76.14
1320,10.1
13508,284.75
17780,74.17
12217,7.81
10056,58.21
18498,3.11
2084,5.5
3214,499.34
6323,0.0
12083,39.78
12429,7.27
168,331.04
5792,78.34
8725,8.56
6069,0.98
13845,22.34
14174,0.27
11699,0.09
15806,70.35
380,27.47
15454,0.27
18995,209.52
7775,5.32
13879,1.85
398,12.9
4116,55.72
10613,24.19
7729,33.75
149,0.7
3069,2.45
2812,8.74
6504,67.86
94,818.29
16146,11.19
5194,8.15
15008,24.48
13745,19.6
5245,0.23
9144,27.96
14980,36.62
11300,3.07
1496,17.68
5038,6.48
16892,1.89
5623,5.86
0,29817.56
3635,0.56
4269,17.76
5742,3.63
9778,0.24
8099,0.03
17059,0.39
6321,0.0
3002,0.99
4564,70.08
11346,0.22
17037,55.54
6186,0.0
17819,10.45
14810,2.83
16636,19.21
18315,0.98
15967,98.52
13713,0.0
6950,25.58
5865,242.75
4373,364.64
11399,63.08
1929,7.1
5252,2.79
10048,303.08
4949,0.62
13895,5.3
15031,1.0
4388,9.39
17681,25.71
4449,722.9
3975,0.0
5112,53.41
8956,29.51
11090,10.84
1634,295.1
3684,64.35
4028,57.88
8744,7.6
17287,245.59
5512,4.64
12831,0.18
10186,883.73
15359,1.64
14550,25.24
10191,440.96
11685,0.07
1479,0.36
14503,0.28
2150,2.56
11550,5.25
1498,10.64
8898,0.0
8957,24.37
9966,160.03
19075,0.02
16404,0.23
5894,1697.0
7889,0.0
1795,936.68
7020,46.4
18595,338.22
2752,100.24
17794,7.27
1333,11.8
16572,117.66
7070,21.3
11541,8.93
3999,32.15
10402,0.46
15972,1406.29
12052,535.59
2688,21.98
3995,100.72
18166,0.51
5654,0.26
13811,0.4
18803,248.95
8303,5.4
10268,26.88
359,2.67
9051,10.44
18550,706.77
16172,169.41
7337,3.25
17,448.95
4518,0.14
11020,0.14
10274,51.79
2715,3.68
5069,9.4
10406,0.32
316,8.87
6695,55.41
4724,4.35
12503,3334.74
2045,1.67
11340,10.17
10665,24.38
6215,15.12
7571,431.94
3910,3.21
14921,4.12
13042,0.0
3686,53.75
14343,7.96
6459,19.67
11507,213.65
11417,32.85
9239,0.05
3776,44.09
4816,980.97
5638,0.19
6161,17.48
9236,0.0
1639,154.62
5440,322.47
12781,5.56
6956,10.65
6926,0.86
5426,0.0
12348,8.26
11842,172.49
6503,131.07
7046,3.45
11243,6.33
14988,1.39
12222,3.3
6002,321.7
9682,0.0
13566,53.5
8451,0.0
6544,0.11
4189,6.46
9143,64.55
1965,4.95
5915,59.59
9651,2.3
1584,4.95
2025,0.52
10223,8.02
13956,17.86
4745,396.46
1215,1.04
16066,0.03
12683,1.17
14764,4.82
12548,8.45
31,1565.91
13363,0.47
17908,3.14
3585,185.17
6020,114.11
8045,1.02
2928,0.66
3208,729.44
5927,93.31
1343,52.39
8807,69.45
17513,253.18
17472,541.94
9426,15.17
12821,0.0
14341,7.02
13430,0.42
7881,17.88
6181,5.8
11051,17.03
2930,0.07
10383,20.68
7402,4.7
18805,91.25
15531,30.93
13821,0.01
5468,1.66
15555,1.22
6068,0.94
11953,30.67
10328,9.61
700,13.04
12498,5147.16
13915,1.61
12789,0.4
10810,0.42
14131,1.11
8359,84.83
9084,11.04
10250,1.44
8590,14.57
14702,16.65
1314,83.96
7808,45.15
764,10.73
18806,82.83
9705,109.36
9745,379.42
12007,2.65
5438,9.12
13463,1.31
6064,1.51
6210,4.97
11133,0.53
12813,0.73
9147,22.15
38,15.25
17790,1.27
1455,4.14
3509,0.26
6758,0.18
12220,2.91
9625,223.27
6162,12.69
3115,1.67
11571,0.06
4021,7.69
2894,0.53
2973,2.34
950,0.0
826,27.95
4894,408.2
274,0.0
4691,6.73
5762,0.0
5441,305.25
1053,8.26
4265,25.17
7476,22.97
16043,28.89
6951,24.52
12727,32.17
6244,0.49
8574,1.23
7916,40.99
7150,0.99
5118,46.63
4954,2.86
3366,26.08
2807,32.57
9075,26.54
4462,12.33
8826,0.91
13061,8.85
304,137.68
17313,445.85
18977,0.08
6741,0.85
3930,27.16
16621,21.78
4393,54.41
8373,36.24
16945,0.1
17588,55.42
9129,3.48
15746,17886.51
4031,37.47
3035,5.28
12885,39.23
511,52.15
4822,465.11
7408,2.2
7074,1.93
4170,14.25
12624,13.08
10859,12.17
5548,3.76
10294,1.83
14305,6.3
17752,4.08
5597,10.55
7712,252.45
750,69.43
7152,23.74
10163,2173.65
8822,25.41
18860,108.89
11762,38.53
742,248.9
13290,3.36
176,8303.11
13083,0.1
7003,3.52
8483,6.04
11940,43.68
17813,16.81
11495,224.77
11775,12.76
9201,0.79
18762,474.13
14166,0.0
10408,18.4
4702,30.85
6834,23.65
601,178.01
12124,2.93
13123,0.0
5277,48.22
10477,0.71
14642,24.67
381,26.03
13515,95.82
6717,24.23
18952,14.79
6138,3.31
6814,0.99
12419,3.0
9571,0.0
17273,941.85
4285,11.13
19126,257.67
16858,9.78
12672,0.33
13387,0.87
19110,803.97
7716,103.41
4338,68.99
5183,5.58
8953,50.79
15479,0.75
8602,2.19
1372,0.25
984,17.23
439,56.19
19079,1.17
3781,27.16
30,1567.3
1604,0.0
10604,26.59
10995,0.23
11306,36.44
13504,325.32
285,14.97
4286,9.35
16071,0.4
9253,198.35
339,134.07
16544,90.51
13301,3.2
5168,0.47
18641,0.19
5550,1.69
1226,42.1
12050,802.03
15157,0.05
7904,180.33
10645,111.74
8164,18.78
7793,159.66
903,77.12
8299,8.98
8585,25.76
2351,321.51
10393,1.82
7894,0.0
15281,0.0
18501,2.04
14013,2.15
15145,16.32
16128,922.32
1593,11.06
9097,10.77
5933,399.06
366,7.61
